Workbook

Sheet Compound Classes
A1: From Sephton, M. A. Organic compounds in carbonaceous meteorites. Nat. Prod. Rep. 19, 292–311 (2002).
A2: * reported as a range, value is represents the median
A3: ‡ reported as a minimum value
A5: compound class | B5: ug/g | C5: percent of total organic matter
A6: Aliphatic and aromatic hydrocarbons | C6: =SUM(C7:C8) -> 6.1201591
A7: Aliphatic hydrocarbons* | B7: 23.5 | C7: 3.1960831
A8: Aromatic hydrocarbons* | B8: 21.5 | C8: 2.924076
A9: Polar Hydrocarbons | B9: 38 | C9: 5.1681344
A10: monocarboxylic acids | B10: 332 | C10: 45.153174
A11: dicarboxylic acids | B11: 25.7 | C11: 3.4952909
A12: amino acids | B12: 60 | C12: 8.1602122
A13: hydroxy acids | B13: 14.6 | C13: 1.9856516
A14: dicarboximides‡ | B14: 50 | C14: 6.8001768
A15: pyridine carboxylic acids‡ | B15: 7 | C15: 0.95202475
A16: sulfonic acids | B16: 67 | C16: 9.1122369
A17: phosphonic acids | B17: 1.5 | C17: 0.2040053
A18: n-heterocycles* | B18: 0.275 | C18: 0.037400972
A19: amines | B19: 8 | C19: 1.0880283
A20: amides | B20: trace
A21: polyols | B21: 60 | C21: 8.1602122
A22: purines | B22: 1.2 | C22: 0.16320424
A23: urea | B23: 25 | C23: 3.4000884
B24: 735.275 | C24: 100

Sheet All compounds
A1: compound class | B1: Column1 | C1: percent by weight of each compound class | D1: Include in soup? | E1: include numerical | F1: compound | G1: citation | H1: nmol/g of meteorite | I1: mw | J1: ng compound/g meteorite | K1: ng each compound class | L1: grams for 100 g of soup | M1: comments | N1: Density | O1: measured | P1: Column2
A2: Aliphatic and aromatic hydrocarbons | B2: =VLOOKUP(A2, 'Compound Classes'!$A$6:$C$23, 3, FALSE) -> 6.1201591 | C2: 6.12 | D2: yes | E2: =IF(D2="yes",1,0) -> 1 | F2: mineral oil | G2: Kissin, Y. V. Hydrocarbon components in carbonaceous meteorites. Geochim. Cosmochim. Acta 67, 1723–1735 (2003). | H2: not given | I2: none | L2: 6.12 | M2: mineral oil hydrocarbons are a bit larger than the hydrocarbons in Murchison, but does an approximate job at generating an oil phase
A3: Amines | B3: =VLOOKUP(A3, 'Compound Classes'!$A$6:$C$23, 3, FALSE) -> 1.0880283 | C3: 1.05 | D3: yes | E3: =IF(D3="yes",1,0) -> 1 | F3: Methylamine | G3: Pizzarello, S., Feng, X., Epstein, S., & Cronin, J. R. (1994). Isotopic analyses of nitrogenous compounds from the Murchison meteorite: ammonia, amines, amino acids, and polar hydrocarbons. Geochimica et Cosmochimica Acta, 58(24), 5579–5587. https://doi.org/10.1016/0016-7037(94)90251-9 | H3: 71 | I3: 31.06 | J3: =H3*I3 -> 2205.26 | K3: =SUMIF(D3:D4,"=yes",J3:J4) -> 3016.7 | L3: =J3*E3/K3*C3 -> 0.7675682 | N3: 0.897 | O3: 0.7623 | P3: STINKY
A4: Amines | B4: =VLOOKUP(A4, 'Compound Classes'!$A$6:$C$23, 3, FALSE) -> 1.0880283 | C4: 1.05 | D4: yes | E4: =IF(D4="yes",1,0) -> 1 | F4: Ethylamine | G4: Pizzarello, S., Feng, X., Epstein, S., & Cronin, J. R. (1994). Isotopic analyses of nitrogenous compounds from the Murchison meteorite: ammonia, amines, amino acids, and polar hydrocarbons. Geochimica et Cosmochimica Acta, 58(24), 5579–5587. https://doi.org/10.1016/0016-7037(94)90251-10 | H4: 18 | I4: 45.08 | J4: =H4*I4 -> 811.44 | K4: =SUMIFS(J$2:J$116,A$2:A$116,A4,D$2:D$116,"=yes") -> 3016.7 | L4: =J4*E4/K4*C4 -> 0.2824318 | O4: 0.28 | P4: Bubble In
A5: Amino acids | B5: =VLOOKUP(A5, 'Compound Classes'!$A$6:$C$23, 3, FALSE) -> 8.1602122 | C5: 7.89 | D5: yes | E5: =IF(D5="yes",1,0) -> 1 | F5: valine | G5: Cronin, J. R., & Pizzarello, S. (1983). Amino acids in meteorites. Advances in Space Research, 3(9), 5–18. https://doi.org/10.1016/0273-1177(83)90036-13 | H5: 10 | I5: 117.15 | J5: =H5*I5 -> 1171.5 | K5: =SUMIFS(J$2:J$116,A$2:A$116,A5,D$2:D$116,"=yes") -> 39554.99 | L5: =J5*E5/K5*C5 -> 0.2336781 | O5: 0.2324
A6: Amino acids | B6: =VLOOKUP(A6, 'Compound Classes'!$A$6:$C$23, 3, FALSE) -> 8.1602122 | C6: 7.89 | D6: yes | E6: =IF(D6="yes",1,0) -> 1 | F6: beta-alanine | G6: Cronin, J. R., & Pizzarello, S. (1983). Amino acids in meteorites. Advances in Space Research, 3(9), 5–18. https://doi.org/10.1016/0273-1177(83)90036-6 | H6: 14 | I6: 89.09 | J6: =H6*I6 -> 1247.26 | K6: =SUMIFS(J$2:J$116,A$2:A$116,A6,D$2:D$116,"=yes") -> 39554.99 | L6: =J6*E6/K6*C6 -> 0.24878988 | O6: 0.2496
A7: Amino acids | B7: =VLOOKUP(A7, 'Compound Classes'!$A$6:$C$23, 3, FALSE) -> 8.1602122 | C7: 7.89 | D7: yes | E7: =IF(D7="yes",1,0) -> 1 | F7: sarcosine | G7: Cronin, J. R., & Pizzarello, S. (1983). Amino acids in meteorites. Advances in Space Research, 3(9), 5–18. https://doi.org/10.1016/0273-1177(83)90036-7 | H7: 19 | I7: 89.09 | J7: =H7*I7 -> 1692.71 | K7: =SUMIFS(J$2:J$116,A$2:A$116,A7,D$2:D$116,"=yes") -> 39554.99 | L7: =J7*E7/K7*C7 -> 0.33764341 | P7: 444
A8: Amino acids | B8: =VLOOKUP(A8, 'Compound Classes'!$A$6:$C$23, 3, FALSE) -> 8.1602122 | C8: 7.89 | D8: yes | E8: =IF(D8="yes",1,0) -> 1 | F8: proline | G8: Cronin, J. R., & Pizzarello, S. (1983). Amino acids in meteorites. Advances in Space Research, 3(9), 5–18. https://doi.org/10.1016/0273-1177(83)90036-17 | H8: 16 | I8: 115.13 | J8: =H8*I8 -> 1842.08 | K8: =SUMIFS(J$2:J$116,A$2:A$116,A8,D$2:D$116,"=yes") -> 39554.99 | L8: =J8*E8/K8*C8 -> 0.36743812 | O8: 0.367
A9: Amino acids | B9: =VLOOKUP(A9, 'Compound Classes'!$A$6:$C$23, 3, FALSE) -> 8.1602122 | C9: 7.89 | D9: yes | E9: =IF(D9="yes",1,0) -> 1 | F9: alpha-aminobutyric acid | G9: Cronin, J. R., & Pizzarello, S. (1983). Amino acids in meteorites. Advances in Space Research, 3(9), 5–18. https://doi.org/10.1016/0273-1177(83)90036-8 | H9: 18 | I9: 103.12 | J9: =H9*I9 -> 1856.16 | K9: =SUMIFS(J$2:J$116,A$2:A$116,A9,D$2:D$116,"=yes") -> 39554.99 | L9: =J9*E9/K9*C9 -> 0.37024665 | O9: 0.3707
A10: Amino acids | B10: =VLOOKUP(A10, 'Compound Classes'!$A$6:$C$23, 3, FALSE) -> 8.1602122 | C10: 7.89 | D10: yes | E10: =IF(D10="yes",1,0) -> 1 | F10: gamma-aminobutyric acid | G10: Cronin, J. R., & Pizzarello, S. (1983). Amino acids in meteorites. Advances in Space Research, 3(9), 5–18. https://doi.org/10.1016/0273-1177(83)90036-12 | H10: 24 | I10: 103.12 | J10: =H10*I10 -> 2474.88 | K10: =SUMIFS(J$2:J$116,A$2:A$116,A10,D$2:D$116,"=yes") -> 39554.99 | L10: =J10*E10/K10*C10 -> 0.4936622 | O10: 0.495
A11: Amino acids | B11: =VLOOKUP(A11, 'Compound Classes'!$A$6:$C$23, 3, FALSE) -> 8.1602122 | C11: 7.89 | D11: yes | E11: =IF(D11="yes",1,0) -> 1 | F11: glutamic acid | G11: Cronin, J. R., & Pizzarello, S. (1983). Amino acids in meteorites. Advances in Space Research, 3(9), 5–18. https://doi.org/10.1016/0273-1177(83)90036-21 | H11: 18 | I11: 147.13 | J11: =H11*I11 -> 2648.34 | K11: =SUMIFS(J$2:J$116,A$2:A$116,A11,D$2:D$116,"=yes") -> 39554.99 | L11: =J11*E11/K11*C11 -> 0.52826211 | O11: 0.5272
A12: Amino acids | B12: =VLOOKUP(A12, 'Compound Classes'!$A$6:$C$23, 3, FALSE) -> 8.1602122 | C12: 7.89 | D12: yes | E12: =IF(D12="yes",1,0) -> 1 | F12: isovaline | G12: Cronin, J. R., & Pizzarello, S. (1983). Amino acids in meteorites. Advances in Space Research, 3(9), 5–18. https://doi.org/10.1016/0273-1177(83)90036-14 | H12: 28 | I12: 117.15 | J12: =H12*I12 -> 3280.2 | K12: =SUMIFS(J$2:J$116,A$2:A$116,A12,D$2:D$116,"=yes") -> 39554.99 | L12: =J12*E12/K12*C12 -> 0.65429869 | O12: 0.654
A13: Amino acids | B13: =VLOOKUP(A13, 'Compound Classes'!$A$6:$C$23, 3, FALSE) -> 8.1602122 | C13: 7.89 | D13: yes | E13: =IF(D13="yes",1,0) -> 1 | F13: alanine | G13: Cronin, J. R., & Pizzarello, S. (1983). Amino acids in meteorites. Advances in Space Research, 3(9), 5–18. https://doi.org/10.1016/0273-1177(83)90036-5 | H13: 44 | I13: 89.09 | J13: =H13*I13 -> 3919.96 | K13: =SUMIFS(J$2:J$116,A$2:A$116,A13,D$2:D$116,"=yes") -> 39554.99 | L13: =J13*E13/K13*C13 -> 0.78191107 | O13: 0.7821
A14: Amino acids | B14: =VLOOKUP(A14, 'Compound Classes'!$A$6:$C$23, 3, FALSE) -> 8.1602122 | C14: 7.89 | D14: yes | E14: =IF(D14="yes",1,0) -> 1 | F14: glycine | G14: Cronin, J. R., & Pizzarello, S. (1983). Amino acids in meteorites. Advances in Space Research, 3(9), 5–18. https://doi.org/10.1016/0273-1177(83)90036-4 | H14: 98 | I14: 75.07 | J14: =H14*I14 -> 7356.86 | K14: =SUMIFS(J$2:J$116,A$2:A$116,A14,D$2:D$116,"=yes") -> 39554.99 | L14: =J14*E14/K14*C14 -> 1.4674666 | O14: 1.469
A15: Amino acids | B15: =VLOOKUP(A15, 'Compound Classes'!$A$6:$C$23, 3, FALSE) -> 8.1602122 | C15: 7.89 | D15: yes | E15: =IF(D15="yes",1,0) -> 1 | F15: alpha-aminoisobutyric acid | G15: Cronin, J. R., & Pizzarello, S. (1983). Amino acids in meteorites. Advances in Space Research, 3(9), 5–18. https://doi.org/10.1016/0273-1177(83)90036-9 | H15: 117 | I15: 103.12 | J15: =H15*I15 -> 12065.04 | K15: =SUMIFS(J$2:J$116,A$2:A$116,A15,D$2:D$116,"=yes") -> 39554.99 | L15: =J15*E15/K15*C15 -> 2.4066032 | O15: 2.4054
A16: dicarboximides‡ | B16: =VLOOKUP(A16, 'Compound Classes'!$A$6:$C$23, 3, FALSE) -> 6.8001768 | C16: 6.58 | D16: yes | E16: =IF(D16="yes",1,0) -> 1 | F16: adipamic acid | G16: Cooper, G. W., & Cronin, J. R. (1995). Linear and cyclic aliphatic carboxamides of the Murchison meteorite: Hydrolyzable derivatives of amino acids and other carboxylic acids. Geochimica et Cosmochimica Acta, 59(5), 1003–1015. https://doi.org/https://doi.org/10.1016/0016-7037(95)00018-8 | H16: 50 | I16: 145.16 | J16: =H16*I16 -> 7258 | K16: =SUMIFS(J$2:J$116,A$2:A$116,A16,D$2:D$116,"=yes") -> 43791 | L16: =J16*E16/K16*C16 -> 1.0905812 | P16: No Stock
A17: dicarboximides‡ | B17: =VLOOKUP(A17, 'Compound Classes'!$A$6:$C$23, 3, FALSE) -> 6.8001768 | C17: 6.58 | D17: yes | E17: =IF(D17="yes",1,0) -> 1 | F17: glutaramic acid | G17: Cooper, G. W., & Cronin, J. R. (1995). Linear and cyclic aliphatic carboxamides of the Murchison meteorite: Hydrolyzable derivatives of amino acids and other carboxylic acids. Geochimica et Cosmochimica Acta, 59(5), 1003–1015. https://doi.org/https://doi.org/10.1016/0016-7037(95)00018-7 | H17: 100 | I17: 131.13 | J17: =H17*I17 -> 13113 | K17: =SUMIFS(J$2:J$116,A$2:A$116,A17,D$2:D$116,"=yes") -> 43791 | L17: =J17*E17/K17*C17 -> 1.9703487 | P17: No Stock
A18: dicarboximides‡ | B18: =VLOOKUP(A18, 'Compound Classes'!$A$6:$C$23, 3, FALSE) -> 6.8001768 | C18: 6.58 | D18: yes | E18: =IF(D18="yes",1,0) -> 1 | F18: succinamic acid | G18: Cooper, G. W., & Cronin, J. R. (1995). Linear and cyclic aliphatic carboxamides of the Murchison meteorite: Hydrolyzable derivatives of amino acids and other carboxylic acids. Geochimica et Cosmochimica Acta, 59(5), 1003–1015. https://doi.org/https://doi.org/10.1016/0016-7037(95)00018-6 | H18: 200 | I18: 117.1 | J18: =H18*I18 -> 23420 | K18: =SUMIFS(J$2:J$116,A$2:A$116,A18,D$2:D$116,"=yes") -> 43791 | L18: =J18*E18/K18*C18 -> 3.5190701 | O18: 3.5215
A19: Dicarboxylic acids | B19: =VLOOKUP(A19, 'Compound Classes'!$A$6:$C$23, 3, FALSE) -> 3.4952909 | C19: 3.38 | D19: yes | E19: =IF(D19="yes",1,0) -> 1 | F19: methyl succinic | G19: Pizzarello, S., & Huang, Y. (2002). Molecular and isotopic analyses of Tagish Lake alkyl dicarboxylic acids. Meteoritics and Planetary Science, 37(5), 687–696. https://doi.org/10.1111/j.1945-5100.2002.tb00848.x | H19: 16 | I19: 132.11 | J19: =H19*I19 -> 2113.76 | K19: =SUMIFS(J$2:J$116,A$2:A$116,A19,D$2:D$116,"=yes") -> 19393.5 | L19: =J19*E19/K19*C19 -> 0.36839708 | O19: 0.3652
A20: Dicarboxylic acids | B20: =VLOOKUP(A20, 'Compound Classes'!$A$6:$C$23, 3, FALSE) -> 3.4952909 | C20: 3.38 | D20: yes | E20: =IF(D20="yes",1,0) -> 1 | F20: adipic | G20: Pizzarello, S., & Huang, Y. (2002). Molecular and isotopic analyses of Tagish Lake alkyl dicarboxylic acids. Meteoritics and Planetary Science, 37(5), 687–696. https://doi.org/10.1111/j.1945-5100.2002.tb00848.x | H20: 19 | I20: 146.14 | J20: =H20*I20 -> 2776.66 | K20: =SUMIFS(J$2:J$116,A$2:A$116,A20,D$2:D$116,"=yes") -> 19393.5 | L20: =J20*E20/K20*C20 -> 0.48393074 | O20: 0.4826
A21: Dicarboxylic acids | B21: =VLOOKUP(A21, 'Compound Classes'!$A$6:$C$23, 3, FALSE) -> 3.4952909 | C21: 3.38 | D21: yes | E21: =IF(D21="yes",1,0) -> 1 | F21: glutaric | G21: Pizzarello, S., & Huang, Y. (2002). Molecular and isotopic analyses of Tagish Lake alkyl dicarboxylic acids. Meteoritics and Planetary Science, 37(5), 687–696. https://doi.org/10.1111/j.1945-5100.2002.tb00848.x | H21: 28 | I21: 132.11 | J21: =H21*I21 -> 3699.08 | K21: =SUMIFS(J$2:J$116,A$2:A$116,A21,D$2:D$116,"=yes") -> 19393.5 | L21: =J21*E21/K21*C21 -> 0.64469489 | O21: 0.9403
A22: Dicarboxylic acids | B22: =VLOOKUP(A22, 'Compound Classes'!$A$6:$C$23, 3, FALSE) -> 3.4952909 | C22: 3.38 | D22: yes | E22: =IF(D22="yes",1,0) -> 1 | F22: succinic | G22: Pizzarello, S., & Huang, Y. (2002). Molecular and isotopic analyses of Tagish Lake alkyl dicarboxylic acids. Meteoritics and Planetary Science, 37(5), 687–696. https://doi.org/10.1111/j.1945-5100.2002.tb00848.x | H22: 40 | I22: 270.1 | J22: =H22*I22 -> 10804 | K22: =SUMIFS(J$2:J$116,A$2:A$116,A22,D$2:D$116,"=yes") -> 19393.5 | L22: =J22*E22/K22*C22 -> 1.8829773 | O22: 1.8855
A23: Hydroxy acids | B23: =VLOOKUP(A23, 'Compound Classes'!$A$6:$C$23, 3, FALSE) -> 1.9856516 | C23: 1.92 | D23: yes | E23: =IF(D23="yes",1,0) -> 1 | F23: D,L-3-Hydroxybutyric | G23: Cronin, J. R., & Pizzarello, S. (1983). Amino acids in meteorites. Advances in Space Research, 3(9), 5–18. https://doi.org/10.1016/0273-1177(83)90036-43 | H23: 10.4 | I23: 104.1 | J23: =H23*I23 -> 1082.64 | K23: =SUMIFS(J$2:J$116,A$2:A$116,A23,D$2:D$116,"=yes") -> 68375.133 | L23: =J23*E23/K23*C23 -> 0.030400947 | O23: 0.0301
A24: Hydroxy acids | B24: =VLOOKUP(A24, 'Compound Classes'!$A$6:$C$23, 3, FALSE) -> 1.9856516 | C24: 1.92 | D24: yes | E24: =IF(D24="yes",1,0) -> 1 | F24: D,L-3-Hydroxyisobutyric | G24: Cronin, J. R., & Pizzarello, S. (1983). Amino acids in meteorites. Advances in Space Research, 3(9), 5–18. https://doi.org/10.1016/0273-1177(83)90036-44 | H24: 18.3 | I24: 104.1 | J24: =H24*I24 -> 1905.03 | K24: =SUMIFS(J$2:J$116,A$2:A$116,A24,D$2:D$116,"=yes") -> 68375.133 | L24: =J24*E24/K24*C24 -> 0.053493974 | N24: 1.126 | O24: 0.005 | P24: Out of Stock (Depleted)
A25: Hydroxy acids | B25: =VLOOKUP(A25, 'Compound Classes'!$A$6:$C$23, 3, FALSE) -> 1.9856516 | C25: 1.92 | D25: yes | E25: =IF(D25="yes",1,0) -> 1 | F25: L-2-Hydroxy-3-methylbutyric | G25: Cronin, J. R., & Pizzarello, S. (1983). Amino acids in meteorites. Advances in Space Research, 3(9), 5–18. https://doi.org/10.1016/0273-1177(83)90036-35 | H25: 18.3 | I25: 118.13 | J25: =H25*I25 -> 2161.779 | K25: =SUMIFS(J$2:J$116,A$2:A$116,A25,D$2:D$116,"=yes") -> 68375.133 | L25: =J25*E25/K25*C25 -> 0.060703584 | O25: 0.0618
A26: Hydroxy acids | B26: =VLOOKUP(A26, 'Compound Classes'!$A$6:$C$23, 3, FALSE) -> 1.9856516 | C26: 1.92 | D26: yes | E26: =IF(D26="yes",1,0) -> 1 | F26: D-2-Hydroxy-3-methylbutyric | G26: Cronin, J. R., & Pizzarello, S. (1983). Amino acids in meteorites. Advances in Space Research, 3(9), 5–18. https://doi.org/10.1016/0273-1177(83)90036-34 | H26: 18.6 | I26: 118.13 | J26: =H26*I26 -> 2197.218 | K26: =SUMIFS(J$2:J$116,A$2:A$116,A26,D$2:D$116,"=yes") -> 68375.133 | L26: =J26*E26/K26*C26 -> 0.061698725 | O26: 0.0618
A27: Hydroxy acids | B27: =VLOOKUP(A27, 'Compound Classes'!$A$6:$C$23, 3, FALSE) -> 1.9856516 | C27: 1.92 | D27: yes | E27: =IF(D27="yes",1,0) -> 1 | F27: 2-Hydroxyisobutyric | G27: Cronin, J. R., & Pizzarello, S. (1983). Amino acids in meteorites. Advances in Space Research, 3(9), 5–18. https://doi.org/10.1016/0273-1177(83)90036-31 | H27: 30 | I27: 104.1 | J27: =H27*I27 -> 3123 | K27: =SUMIFS(J$2:J$116,A$2:A$116,A27,D$2:D$116,"=yes") -> 68375.133 | L27: =J27*E27/K27*C27 -> 0.087695039 | O27: 0.0894
A28: Hydroxy acids | B28: =VLOOKUP(A28, 'Compound Classes'!$A$6:$C$23, 3, FALSE) -> 1.9856516 | C28: 1.92 | D28: yes | E28: =IF(D28="yes",1,0) -> 1 | F28: D-Lactic | G28: Cronin, J. R., & Pizzarello, S. (1983). Amino acids in meteorites. Advances in Space Research, 3(9), 5–18. https://doi.org/10.1016/0273-1177(83)90036-24 | H28: 39.9 | I28: 89.07 | J28: =H28*I28 -> 3553.893 | K28: =SUMIFS(J$2:J$116,A$2:A$116,A28,D$2:D$116,"=yes") -> 68375.133 | L28: =J28*E28/K28*C28 -> 0.09979468 | P28: No Stock
A29: Hydroxy acids | B29: =VLOOKUP(A29, 'Compound Classes'!$A$6:$C$23, 3, FALSE) -> 1.9856516 | C29: 1.92 | D29: yes | E29: =IF(D29="yes",1,0) -> 1 | F29: L-Lactic | G29: Cronin, J. R., & Pizzarello, S. (1983). Amino acids in meteorites. Advances in Space Research, 3(9), 5–18. https://doi.org/10.1016/0273-1177(83)90036-25 | H29: 44.3 | I29: 90.08 | J29: =H29*I29 -> 3990.544 | K29: =SUMIFS(J$2:J$116,A$2:A$116,A29,D$2:D$116,"=yes") -> 68375.133 | L29: =J29*E29/K29*C29 -> 0.11205601 | N29: 1.21 | O29: 0.1135
A30: Hydroxy acids | B30: =VLOOKUP(A30, 'Compound Classes'!$A$6:$C$23, 3, FALSE) -> 1.9856516 | C30: 1.92 | D30: yes | E30: =IF(D30="yes",1,0) -> 1 | F30: b-Lactic | G30: Cronin, J. R., & Pizzarello, S. (1983). Amino acids in meteorites. Advances in Space Research, 3(9), 5–18. https://doi.org/10.1016/0273-1177(83)90036-42 | H30: 51.5 | I30: 90.08 | J30: =H30*I30 -> 4639.12 | K30: =SUMIFS(J$2:J$116,A$2:A$116,A30,D$2:D$116,"=yes") -> 68375.133 | L30: =J30*E30/K30*C30 -> 0.13026827 | P30: No Stock
A31: Hydroxy acids | B31: =VLOOKUP(A31, 'Compound Classes'!$A$6:$C$23, 3, FALSE) -> 1.9856516 | C31: 1.92 | D31: yes | E31: =IF(D31="yes",1,0) -> 1 | F31: Glycolic | G31: Cronin, J. R., & Pizzarello, S. (1983). Amino acids in meteorites. Advances in Space Research, 3(9), 5–18. https://doi.org/10.1016/0273-1177(83)90036-23 | H31: 65 | I31: 76.05 | J31: =H31*I31 -> 4943.25 | K31: =SUMIFS(J$2:J$116,A$2:A$116,A31,D$2:D$116,"=yes") -> 68375.133 | L31: =J31*E31/K31*C31 -> 0.13880836 | O31: 0.1371
A32: Hydroxy acids | B32: =VLOOKUP(A32, 'Compound Classes'!$A$6:$C$23, 3, FALSE) -> 1.9856516 | C32: 1.92 | D32: yes | E32: =IF(D32="yes",1,0) -> 1 | F32: D,L-2-alloHydroxy-3-methylvaleric | G32: Cronin, J. R., & Pizzarello, S. (1983). Amino acids in meteorites. Advances in Space Research, 3(9), 5–18. https://doi.org/10.1016/0273-1177(83)90036-41 | H32: 61 | I32: 131.15 | J32: =H32*I32 -> 8000.15 | K32: =SUMIFS(J$2:J$116,A$2:A$116,A32,D$2:D$116,"=yes") -> 68375.133 | L32: =J32*E32/K32*C32 -> 0.22464728 | P32: No Stock
A33: Hydroxy acids | B33: =VLOOKUP(A33, 'Compound Classes'!$A$6:$C$23, 3, FALSE) -> 1.9856516 | C33: 1.92 | D33: yes | E33: =IF(D33="yes",1,0) -> 1 | F33: D,L-2-Hydroxyisocaproic (Leucic Acid) | G33: Cronin, J. R., & Pizzarello, S. (1983). Amino acids in meteorites. Advances in Space Research, 3(9), 5–18. https://doi.org/10.1016/0273-1177(83)90036-39 | H33: 61 | I33: 132.16 | J33: =H33*I33 -> 8061.76 | K33: =SUMIFS(J$2:J$116,A$2:A$116,A33,D$2:D$116,"=yes") -> 68375.133 | L33: =J33*E33/K33*C33 -> 0.22637732 | O33: 0.2243
A34: Hydroxy acids | B34: =VLOOKUP(A34, 'Compound Classes'!$A$6:$C$23, 3, FALSE) -> 1.9856516 | C34: 1.92 | D34: yes | E34: =IF(D34="yes",1,0) -> 1 | F34: D,L-2-Hydroxy-3-methylvaleric | G34: Cronin, J. R., & Pizzarello, S. (1983). Amino acids in meteorites. Advances in Space Research, 3(9), 5–18. https://doi.org/10.1016/0273-1177(83)90036-40 | H34: 61 | I34: 132.16 | J34: =H34*I34 -> 8061.76 | K34: =SUMIFS(J$2:J$116,A$2:A$116,A34,D$2:D$116,"=yes") -> 68375.133 | L34: =J34*E34/K34*C34 -> 0.22637732 | P34: No Stock
A35: Hydroxy acids | B35: =VLOOKUP(A35, 'Compound Classes'!$A$6:$C$23, 3, FALSE) -> 1.9856516 | C35: 1.92 | D35: yes | E35: =IF(D35="yes",1,0) -> 1 | F35: D,L-2-Hydroxyglutaric | G35: Cronin, J. R., & Pizzarello, S. (1983). Amino acids in meteorites. Advances in Space Research, 3(9), 5–18. https://doi.org/10.1016/0273-1177(83)90036-45 | H35: 54.45 | I35: 148.11 | J35: =H35*I35 -> 8064.5895 | K35: =SUMIFS(J$2:J$116,A$2:A$116,A35,D$2:D$116,"=yes") -> 68375.133 | L35: =J35*E35/K35*C35 -> 0.22645677 | O35: 0.01 | P35: Out of Stock (Depleted)
A36: Hydroxy acids | B36: =VLOOKUP(A36, 'Compound Classes'!$A$6:$C$23, 3, FALSE) -> 1.9856516 | C36: 1.92 | D36: yes | E36: =IF(D36="yes",1,0) -> 1 | F36: D,L-2-Hydroxycaproic (2-Hydroxyhexanoic acid) | G36: Cronin, J. R., & Pizzarello, S. (1983). Amino acids in meteorites. Advances in Space Research, 3(9), 5–18. https://doi.org/10.1016/0273-1177(83)90036-30 | H36: 65 | I36: 132.16 | J36: =H36*I36 -> 8590.4 | K36: =SUMIFS(J$2:J$116,A$2:A$116,A36,D$2:D$116,"=yes") -> 68375.133 | L36: =J36*E36/K36*C36 -> 0.24122173 | O36: 0.2405
A37: Imino acids | B37: =VLOOKUP(A37, 'Compound Classes'!$A$6:$C$23, 3, FALSE) -> #N/A | C37: trace | D37: yes | E37: =IF(D37="yes",1,0) -> 1 | F37: iminopropionicacetic* | G37: Lerner, N. R., & Cooper, G. W. (2005). Iminodicarboxylic acids in the Murchison meteorite: Evidence of Strecker reactions. Geochimica et Cosmochimica Acta, 69(11), 2901–2906. https://doi.org/https://doi.org/10.1016/j.gca.2004.12.025 | H37: 15 | I37: 148.12 | J37: =H37*I37 -> 2221.8 | K37: =SUMIFS(J$2:J$116,A$2:A$116,A37,D$2:D$116,"=yes") -> 2221.8 | L37: trace | M37: nmol/g estimated based on glycine value | P37: No Stock
A38: monoCarboxylic acids | B38: =VLOOKUP(A38, 'Compound Classes'!$A$6:$C$23, 3, FALSE) -> 45.153174 | C38: 43.668409 | D38: yes | E38: =IF(D38="yes",1,0) -> 1 | F38: 3,6-dimethylheptanoic | G38: Huang, Y., Wang, Y., Alexandre, M. R., Lee, T., Rose-Petruck, C., Fuller, M., & Pizzarello, S. (2005). Molecular and compound-specific isotopic characterization of monocarboxylic acids in carboneous meteorites. Geochim. Cosmochim. Acta, 69, 1073–1084. Retrieved from Am, pdf | H38: 84.4 | I38: 158.24 | J38: =H38*I38 -> 13355.456 | K38: =SUMIFS(J$2:J$116,A$2:A$116,A38,D$2:D$116,"=yes") -> 698435.88 | L38: =J38*E38/K38*C38 -> 0.83502515 | P38: No Stock
A39: monoCarboxylic acids | B39: =VLOOKUP(A39, 'Compound Classes'!$A$6:$C$23, 3, FALSE) -> 45.153174 | C39: 43.668409 | D39: yes | E39: =IF(D39="yes",1,0) -> 1 | F39: Formic | G39: Huang, Y., Wang, Y., Alexandre, M. R., Lee, T., Rose-Petruck, C., Fuller, M., & Pizzarello, S. (2005). Molecular and compound-specific isotopic characterization of monocarboxylic acids in carboneous meteorites. Geochim. Cosmochim. Acta, 69, 1073–1084. Retrieved from Am, pdf | H39: 42 | I39: 46.025 | J39: =H39*I39 -> 1933.05 | K39: =SUMIFS(J$2:J$116,A$2:A$116,A39,D$2:D$116,"=yes") -> 698435.88 | L39: =J39*E39/K39*C39 -> 0.12086037 | N39: 1.22 | O39: 0.1261
A40: monoCarboxylic acids | B40: =VLOOKUP(A40, 'Compound Classes'!$A$6:$C$23, 3, FALSE) -> 45.153174 | C40: 43.668409 | D40: yes | E40: =IF(D40="yes",1,0) -> 1 | F40: 2-ethylbutanoic acid | G40: Huang, Y., Wang, Y., Alexandre, M. R., Lee, T., Rose-Petruck, C., Fuller, M., & Pizzarello, S. (2005). Molecular and compound-specific isotopic characterization of monocarboxylic acids in carboneous meteorites. Geochim. Cosmochim. Acta, 69, 1073–1084. Retrieved from Am, pdf | H40: 37.4 | I40: 116.16 | J40: =H40*I40 -> 4344.384 | K40: =SUMIFS(J$2:J$116,A$2:A$116,A40,D$2:D$116,"=yes") -> 698435.88 | L40: =J40*E40/K40*C40 -> 0.27162456 | N40: 0.92 | O40: 0.2774
A41: monoCarboxylic acids | B41: =VLOOKUP(A41, 'Compound Classes'!$A$6:$C$23, 3, FALSE) -> 45.153174 | C41: 43.668409 | D41: yes | E41: =IF(D41="yes",1,0) -> 1 | F41: 3,3-dimethylbutanoic (tert-butylacetic acid) | G41: Huang, Y., Wang, Y., Alexandre, M. R., Lee, T., Rose-Petruck, C., Fuller, M., & Pizzarello, S. (2005). Molecular and compound-specific isotopic characterization of monocarboxylic acids in carboneous meteorites. Geochim. Cosmochim. Acta, 69, 1073–1084. Retrieved from Am, pdf | H41: 56 | I41: 116.16 | J41: =H41*I41 -> 6504.96 | K41: =SUMIFS(J$2:J$116,A$2:A$116,A41,D$2:D$116,"=yes") -> 698435.88 | L41: =J41*E41/K41*C41 -> 0.40671057 | N41: 0.91 | O41: 0.4126
A42: monoCarboxylic acids | B42: =VLOOKUP(A42, 'Compound Classes'!$A$6:$C$23, 3, FALSE) -> 45.153174 | C42: 43.668409 | D42: yes | E42: =IF(D42="yes",1,0) -> 1 | F42: 3,4-dimethylpentanoic | G42: Huang, Y., Wang, Y., Alexandre, M. R., Lee, T., Rose-Petruck, C., Fuller, M., & Pizzarello, S. (2005). Molecular and compound-specific isotopic characterization of monocarboxylic acids in carboneous meteorites. Geochim. Cosmochim. Acta, 69, 1073–1084. Retrieved from Am, pdf | H42: 57.1 | I42: 130.18 | J42: =H42*I42 -> 7433.278 | K42: =SUMIFS(J$2:J$116,A$2:A$116,A42,D$2:D$116,"=yes") -> 698435.88 | L42: =J42*E42/K42*C42 -> 0.46475194 | P42: No Stock
A43: monoCarboxylic acids | B43: =VLOOKUP(A43, 'Compound Classes'!$A$6:$C$23, 3, FALSE) -> 45.153174 | C43: 43.668409 | D43: yes | E43: =IF(D43="yes",1,0) -> 1 | F43: 2-methylpropanoic (Isobutyric acid) | G43: Huang, Y., Wang, Y., Alexandre, M. R., Lee, T., Rose-Petruck, C., Fuller, M., & Pizzarello, S. (2005). Molecular and compound-specific isotopic characterization of monocarboxylic acids in carboneous meteorites. Geochim. Cosmochim. Acta, 69, 1073–1084. Retrieved from Am, pdf | H43: 85.7 | I43: 88.11 | J43: =H43*I43 -> 7551.027 | K43: =SUMIFS(J$2:J$116,A$2:A$116,A43,D$2:D$116,"=yes") -> 698435.88 | L43: =J43*E43/K43*C43 -> 0.47211398 | N43: 0.95 | O43: 0.477
A44: monoCarboxylic acids | B44: =VLOOKUP(A44, 'Compound Classes'!$A$6:$C$23, 3, FALSE) -> 45.153174 | C44: 43.668409 | D44: yes | E44: =IF(D44="yes",1,0) -> 1 | F44: 2,4-dimethylpentanoic | G44: Huang, Y., Wang, Y., Alexandre, M. R., Lee, T., Rose-Petruck, C., Fuller, M., & Pizzarello, S. (2005). Molecular and compound-specific isotopic characterization of monocarboxylic acids in carboneous meteorites. Geochim. Cosmochim. Acta, 69, 1073–1084. Retrieved from Am, pdf | H44: 60.2 | I44: 130.18 | J44: =H44*I44 -> 7836.836 | K44: =SUMIFS(J$2:J$116,A$2:A$116,A44,D$2:D$116,"=yes") -> 698435.88 | L44: =J44*E44/K44*C44 -> 0.48998365 | P44: No Stock
A45: monoCarboxylic acids | B45: =VLOOKUP(A45, 'Compound Classes'!$A$6:$C$23, 3, FALSE) -> 45.153174 | C45: 43.668409 | D45: yes | E45: =IF(D45="yes",1,0) -> 1 | F45: 2-ethyl,2-methylbutanoic | G45: Huang, Y., Wang, Y., Alexandre, M. R., Lee, T., Rose-Petruck, C., Fuller, M., & Pizzarello, S. (2005). Molecular and compound-specific isotopic characterization of monocarboxylic acids in carboneous meteorites. Geochim. Cosmochim. Acta, 69, 1073–1084. Retrieved from Am, pdf | H45: 60.6 | I45: 130.18 | J45: =H45*I45 -> 7888.908 | K45: =SUMIFS(J$2:J$116,A$2:A$116,A45,D$2:D$116,"=yes") -> 698435.88 | L45: =J45*E45/K45*C45 -> 0.49323936 | P45: No Stock
A46: monoCarboxylic acids | B46: =VLOOKUP(A46, 'Compound Classes'!$A$6:$C$23, 3, FALSE) -> 45.153174 | C46: 43.668409 | D46: yes | E46: =IF(D46="yes",1,0) -> 1 | F46: 2,2-dimethylbutanoic (2,2-dimethylbutyric acid) | G46: Huang, Y., Wang, Y., Alexandre, M. R., Lee, T., Rose-Petruck, C., Fuller, M., & Pizzarello, S. (2005). Molecular and compound-specific isotopic characterization of monocarboxylic acids in carboneous meteorites. Geochim. Cosmochim. Acta, 69, 1073–1084. Retrieved from Am, pdf | H46: 71.7 | I46: 116.16 | J46: =H46*I46 -> 8328.672 | K46: =SUMIFS(J$2:J$116,A$2:A$116,A46,D$2:D$116,"=yes") -> 698435.88 | L46: =J46*E46/K46*C46 -> 0.52073479 | N46: 0.928 | O46: 0.5289
A47: monoCarboxylic acids | B47: =VLOOKUP(A47, 'Compound Classes'!$A$6:$C$23, 3, FALSE) -> 45.153174 | C47: 43.668409 | D47: yes | E47: =IF(D47="yes",1,0) -> 1 | F47: 2-ethyl,3-methylbutanoic | G47: Huang, Y., Wang, Y., Alexandre, M. R., Lee, T., Rose-Petruck, C., Fuller, M., & Pizzarello, S. (2005). Molecular and compound-specific isotopic characterization of monocarboxylic acids in carboneous meteorites. Geochim. Cosmochim. Acta, 69, 1073–1084. Retrieved from Am, pdf | H47: 64.3 | I47: 130.18 | J47: =H47*I47 -> 8370.574 | K47: =SUMIFS(J$2:J$116,A$2:A$116,A47,D$2:D$116,"=yes") -> 698435.88 | L47: =J47*E47/K47*C47 -> 0.52335463 | P47: No Stock
A48: monoCarboxylic acids | B48: =VLOOKUP(A48, 'Compound Classes'!$A$6:$C$23, 3, FALSE) -> 45.153174 | C48: 43.668409 | D48: yes | E48: =IF(D48="yes",1,0) -> 1 | F48: 3,5-dimethylhexanoic | G48: Huang, Y., Wang, Y., Alexandre, M. R., Lee, T., Rose-Petruck, C., Fuller, M., & Pizzarello, S. (2005). Molecular and compound-specific isotopic characterization of monocarboxylic acids in carboneous meteorites. Geochim. Cosmochim. Acta, 69, 1073–1084. Retrieved from Am, pdf | H48: 62.3 | I48: 144.21 | J48: =H48*I48 -> 8984.283 | K48: =SUMIFS(J$2:J$116,A$2:A$116,A48,D$2:D$116,"=yes") -> 698435.88 | L48: =J48*E48/K48*C48 -> 0.56172565 | P48: No Stock
A49: monoCarboxylic acids | B49: =VLOOKUP(A49, 'Compound Classes'!$A$6:$C$23, 3, FALSE) -> 45.153174 | C49: 43.668409 | D49: yes | E49: =IF(D49="yes",1,0) -> 1 | F49: 2,3-dimethylbutanoic | G49: Huang, Y., Wang, Y., Alexandre, M. R., Lee, T., Rose-Petruck, C., Fuller, M., & Pizzarello, S. (2005). Molecular and compound-specific isotopic characterization of monocarboxylic acids in carboneous meteorites. Geochim. Cosmochim. Acta, 69, 1073–1084. Retrieved from Am, pdf | H49: 77.8 | I49: 116.16 | J49: =H49*I49 -> 9037.248 | K49: =SUMIFS(J$2:J$116,A$2:A$116,A49,D$2:D$116,"=yes") -> 698435.88 | L49: =J49*E49/K49*C49 -> 0.56503719 | P49: No Stock
A50: monoCarboxylic acids | B50: =VLOOKUP(A50, 'Compound Classes'!$A$6:$C$23, 3, FALSE) -> 45.153174 | C50: 43.668409 | D50: yes | E50: =IF(D50="yes",1,0) -> 1 | F50: 2,2-dimethylhexanoic | G50: Huang, Y., Wang, Y., Alexandre, M. R., Lee, T., Rose-Petruck, C., Fuller, M., & Pizzarello, S. (2005). Molecular and compound-specific isotopic characterization of monocarboxylic acids in carboneous meteorites. Geochim. Cosmochim. Acta, 69, 1073–1084. Retrieved from Am, pdf | H50: 62.8 | I50: 144.21 | J50: =H50*I50 -> 9056.388 | K50: =SUMIFS(J$2:J$116,A$2:A$116,A50,D$2:D$116,"=yes") -> 698435.88 | L50: =J50*E50/K50*C50 -> 0.56623388 | N50: 0.91 | O50: 0.5653
A51: monoCarboxylic acids | B51: =VLOOKUP(A51, 'Compound Classes'!$A$6:$C$23, 3, FALSE) -> 45.153174 | C51: 43.668409 | D51: yes | E51: =IF(D51="yes",1,0) -> 1 | F51: 2,2-dimethylpropanoic (pivalic acid) | G51: Huang, Y., Wang, Y., Alexandre, M. R., Lee, T., Rose-Petruck, C., Fuller, M., & Pizzarello, S. (2005). Molecular and compound-specific isotopic characterization of monocarboxylic acids in carboneous meteorites. Geochim. Cosmochim. Acta, 69, 1073–1084. Retrieved from Am, pdf | H51: 75.8 | I51: 102.13 | J51: =H51*I51 -> 7741.454 | K51: =SUMIFS(J$2:J$116,A$2:A$116,A51,D$2:D$116,"=yes") -> 698435.88 | L51: =J51*E51/K51*C51 -> 0.48402007 | O51: 0.4905
A52: monoCarboxylic acids | B52: =VLOOKUP(A52, 'Compound Classes'!$A$6:$C$23, 3, FALSE) -> 45.153174 | C52: 43.668409 | D52: yes | E52: =IF(D52="yes",1,0) -> 1 | F52: Decanoic | G52: Huang, Y., Wang, Y., Alexandre, M. R., Lee, T., Rose-Petruck, C., Fuller, M., & Pizzarello, S. (2005). Molecular and compound-specific isotopic characterization of monocarboxylic acids in carboneous meteorites. Geochim. Cosmochim. Acta, 69, 1073–1084. Retrieved from Am, pdf | H52: 53.4 | I52: 172.26 | J52: =H52*I52 -> 9198.684 | K52: =SUMIFS(J$2:J$116,A$2:A$116,A52,D$2:D$116,"=yes") -> 698435.88 | L52: =J52*E52/K52*C52 -> 0.57513068 | O52: 0.5654
A53: monoCarboxylic acids | B53: =VLOOKUP(A53, 'Compound Classes'!$A$6:$C$23, 3, FALSE) -> 45.153174 | C53: 43.668409 | D53: yes | E53: =IF(D53="yes",1,0) -> 1 | F53: 4-methylpentanoic (4-methylvaleric acid) | G53: Huang, Y., Wang, Y., Alexandre, M. R., Lee, T., Rose-Petruck, C., Fuller, M., & Pizzarello, S. (2005). Molecular and compound-specific isotopic characterization of monocarboxylic acids in carboneous meteorites. Geochim. Cosmochim. Acta, 69, 1073–1084. Retrieved from Am, pdf | H53: 82.6 | I53: 116.16 | J53: =H53*I53 -> 9594.816 | K53: =SUMIFS(J$2:J$116,A$2:A$116,A53,D$2:D$116,"=yes") -> 698435.88 | L53: =J53*E53/K53*C53 -> 0.5998981 | O53: 0.6089
A54: monoCarboxylic acids | B54: =VLOOKUP(A54, 'Compound Classes'!$A$6:$C$23, 3, FALSE) -> 45.153174 | C54: 43.668409 | D54: yes | E54: =IF(D54="yes",1,0) -> 1 | F54: 2,2-dimethylpentanoic (2,2-dimethylvaleric acid) | G54: Huang, Y., Wang, Y., Alexandre, M. R., Lee, T., Rose-Petruck, C., Fuller, M., & Pizzarello, S. (2005). Molecular and compound-specific isotopic characterization of monocarboxylic acids in carboneous meteorites. Geochim. Cosmochim. Acta, 69, 1073–1084. Retrieved from Am, pdf | H54: 74.3 | I54: 130.18 | J54: =H54*I54 -> 9672.374 | K54: =SUMIFS(J$2:J$116,A$2:A$116,A54,D$2:D$116,"=yes") -> 698435.88 | L54: =J54*E54/K54*C54 -> 0.60474727 | P54: No Stock
A55: monoCarboxylic acids | B55: =VLOOKUP(A55, 'Compound Classes'!$A$6:$C$23, 3, FALSE) -> 45.153174 | C55: 43.668409 | D55: yes | E55: =IF(D55="yes",1,0) -> 1 | F55: 2-propylpentanoic (2-propylvaleric acid) | G55: Huang, Y., Wang, Y., Alexandre, M. R., Lee, T., Rose-Petruck, C., Fuller, M., & Pizzarello, S. (2005). Molecular and compound-specific isotopic characterization of monocarboxylic acids in carboneous meteorites. Geochim. Cosmochim. Acta, 69, 1073–1084. Retrieved from Am, pdf | H55: 67.1 | I55: 144.21 | J55: =H55*I55 -> 9676.491 | K55: =SUMIFS(J$2:J$116,A$2:A$116,A55,D$2:D$116,"=yes") -> 698435.88 | L55: =J55*E55/K55*C55 -> 0.60500468 | N55: 0.91 | O55: 0.6108
A56: monoCarboxylic acids | B56: =VLOOKUP(A56, 'Compound Classes'!$A$6:$C$23, 3, FALSE) -> 45.153174 | C56: 43.668409 | D56: yes | E56: =IF(D56="yes",1,0) -> 1 | F56: 2-methylnonanoic | G56: Huang, Y., Wang, Y., Alexandre, M. R., Lee, T., Rose-Petruck, C., Fuller, M., & Pizzarello, S. (2005). Molecular and compound-specific isotopic characterization of monocarboxylic acids in carboneous meteorites. Geochim. Cosmochim. Acta, 69, 1073–1084. Retrieved from Am, pdf | H56: 59.6 | I56: 172.26 | J56: =H56*I56 -> 10266.696 | K56: =SUMIFS(J$2:J$116,A$2:A$116,A56,D$2:D$116,"=yes") -> 698435.88 | L56: =J56*E56/K56*C56 -> 0.64190615 | P56: No Stock
A57: monoCarboxylic acids | B57: =VLOOKUP(A57, 'Compound Classes'!$A$6:$C$23, 3, FALSE) -> 45.153174 | C57: 43.668409 | D57: yes | E57: =IF(D57="yes",1,0) -> 1 | F57: 2-ethyl, 4-methylpentanoic | G57: Huang, Y., Wang, Y., Alexandre, M. R., Lee, T., Rose-Petruck, C., Fuller, M., & Pizzarello, S. (2005). Molecular and compound-specific isotopic characterization of monocarboxylic acids in carboneous meteorites. Geochim. Cosmochim. Acta, 69, 1073–1084. Retrieved from Am, pdf | H57: 71.5 | I57: 144.21 | J57: =H57*I57 -> 10311.015 | K57: =SUMIFS(J$2:J$116,A$2:A$116,A57,D$2:D$116,"=yes") -> 698435.88 | L57: =J57*E57/K57*C57 -> 0.64467711 | P57: No Stock
A58: monoCarboxylic acids | B58: =VLOOKUP(A58, 'Compound Classes'!$A$6:$C$23, 3, FALSE) -> 45.153174 | C58: 43.668409 | D58: yes | E58: =IF(D58="yes",1,0) -> 1 | F58: 2,3-dimethylpentanoic | G58: Huang, Y., Wang, Y., Alexandre, M. R., Lee, T., Rose-Petruck, C., Fuller, M., & Pizzarello, S. (2005). Molecular and compound-specific isotopic characterization of monocarboxylic acids in carboneous meteorites. Geochim. Cosmochim. Acta, 69, 1073–1084. Retrieved from Am, pdf | H58: 85.7 | I58: 130.18 | J58: =H58*I58 -> 11156.426 | K58: =SUMIFS(J$2:J$116,A$2:A$116,A58,D$2:D$116,"=yes") -> 698435.88 | L58: =J58*E58/K58*C58 -> 0.69753487 | P58: No Stock
A59: monoCarboxylic acids | B59: =VLOOKUP(A59, 'Compound Classes'!$A$6:$C$23, 3, FALSE) -> 45.153174 | C59: 43.668409 | D59: yes | E59: =IF(D59="yes",1,0) -> 1 | F59: 2-methylpentanoic (2-methylvaleric acid) | G59: Huang, Y., Wang, Y., Alexandre, M. R., Lee, T., Rose-Petruck, C., Fuller, M., & Pizzarello, S. (2005). Molecular and compound-specific isotopic characterization of monocarboxylic acids in carboneous meteorites. Geochim. Cosmochim. Acta, 69, 1073–1084. Retrieved from Am, pdf | H59: 98.3 | I59: 116.16 | J59: =H59*I59 -> 11418.528 | K59: =SUMIFS(J$2:J$116,A$2:A$116,A59,D$2:D$116,"=yes") -> 698435.88 | L59: =J59*E59/K59*C59 -> 0.71392231 | N59: 0.92 | O59: 0.7244
A60: monoCarboxylic acids | B60: =VLOOKUP(A60, 'Compound Classes'!$A$6:$C$23, 3, FALSE) -> 45.153174 | C60: 43.668409 | D60: yes | E60: =IF(D60="yes",1,0) -> 1 | F60: 3-ethylpentanoic | G60: Huang, Y., Wang, Y., Alexandre, M. R., Lee, T., Rose-Petruck, C., Fuller, M., & Pizzarello, S. (2005). Molecular and compound-specific isotopic characterization of monocarboxylic acids in carboneous meteorites. Geochim. Cosmochim. Acta, 69, 1073–1084. Retrieved from Am, pdf | H60: 92.1 | I60: 130.18 | J60: =H60*I60 -> 11989.578 | K60: =SUMIFS(J$2:J$116,A$2:A$116,A60,D$2:D$116,"=yes") -> 698435.88 | L60: =J60*E60/K60*C60 -> 0.74962616 | P60: No Stock
A61: monoCarboxylic acids | B61: =VLOOKUP(A61, 'Compound Classes'!$A$6:$C$23, 3, FALSE) -> 45.153174 | C61: 43.668409 | D61: yes | E61: =IF(D61="yes",1,0) -> 1 | F61: Butanoic (Butyric acid) | G61: Huang, Y., Wang, Y., Alexandre, M. R., Lee, T., Rose-Petruck, C., Fuller, M., & Pizzarello, S. (2005). Molecular and compound-specific isotopic characterization of monocarboxylic acids in carboneous meteorites. Geochim. Cosmochim. Acta, 69, 1073–1084. Retrieved from Am, pdf | H61: 141.1 | I61: 88.11 | J61: =H61*I61 -> 12432.321 | K61: =SUMIFS(J$2:J$116,A$2:A$116,A61,D$2:D$116,"=yes") -> 698435.88 | L61: =J61*E61/K61*C61 -> 0.77730784 | N61: 0.958 | O61: 0.7732 | P61: STINKY
A62: monoCarboxylic acids | B62: =VLOOKUP(A62, 'Compound Classes'!$A$6:$C$23, 3, FALSE) -> 45.153174 | C62: 43.668409 | D62: yes | E62: =IF(D62="yes",1,0) -> 1 | F62: 2-methylhexanoic | G62: Huang, Y., Wang, Y., Alexandre, M. R., Lee, T., Rose-Petruck, C., Fuller, M., & Pizzarello, S. (2005). Molecular and compound-specific isotopic characterization of monocarboxylic acids in carboneous meteorites. Geochim. Cosmochim. Acta, 69, 1073–1084. Retrieved from Am, pdf | H62: 99.7 | I62: 130.18 | J62: =H62*I62 -> 12978.946 | K62: =SUMIFS(J$2:J$116,A$2:A$116,A62,D$2:D$116,"=yes") -> 698435.88 | L62: =J62*E62/K62*C62 -> 0.81148456 | N62: 0.92 | O62: 0.8136
A63: monoCarboxylic acids | B63: =VLOOKUP(A63, 'Compound Classes'!$A$6:$C$23, 3, FALSE) -> 45.153174 | C63: 43.668409 | D63: yes | E63: =IF(D63="yes",1,0) -> 1 | F63: 3-methylpentanoic | G63: Huang, Y., Wang, Y., Alexandre, M. R., Lee, T., Rose-Petruck, C., Fuller, M., & Pizzarello, S. (2005). Molecular and compound-specific isotopic characterization of monocarboxylic acids in carboneous meteorites. Geochim. Cosmochim. Acta, 69, 1073–1084. Retrieved from Am, pdf | H63: 115.3 | I63: 116.16 | J63: =H63*I63 -> 13393.248 | K63: =SUMIFS(J$2:J$116,A$2:A$116,A63,D$2:D$116,"=yes") -> 698435.88 | L63: =J63*E63/K63*C63 -> 0.83738802 | P63: No Stock
A64: monoCarboxylic acids | B64: =VLOOKUP(A64, 'Compound Classes'!$A$6:$C$23, 3, FALSE) -> 45.153174 | C64: 43.668409 | D64: yes | E64: =IF(D64="yes",1,0) -> 1 | F64: 2-ethylpentanoic | G64: Huang, Y., Wang, Y., Alexandre, M. R., Lee, T., Rose-Petruck, C., Fuller, M., & Pizzarello, S. (2005). Molecular and compound-specific isotopic characterization of monocarboxylic acids in carboneous meteorites. Geochim. Cosmochim. Acta, 69, 1073–1084. Retrieved from Am, pdf | H64: 107.5 | I64: 130.18 | J64: =H64*I64 -> 13994.35 | K64: =SUMIFS(J$2:J$116,A$2:A$116,A64,D$2:D$116,"=yes") -> 698435.88 | L64: =J64*E64/K64*C64 -> 0.87497081 | P64: No Stock
A65: monoCarboxylic acids | B65: =VLOOKUP(A65, 'Compound Classes'!$A$6:$C$23, 3, FALSE) -> 45.153174 | C65: 43.668409 | D65: yes | E65: =IF(D65="yes",1,0) -> 1 | F65: Caprolactam | G65: Huang, Y., Wang, Y., Alexandre, M. R., Lee, T., Rose-Petruck, C., Fuller, M., & Pizzarello, S. (2005). Molecular and compound-specific isotopic characterization of monocarboxylic acids in carboneous meteorites. Geochim. Cosmochim. Acta, 69, 1073–1084. Retrieved from Am, pdf | H65: 123.9 | I65: 113.16 | J65: =H65*I65 -> 14020.524 | K65: =SUMIFS(J$2:J$116,A$2:A$116,A65,D$2:D$116,"=yes") -> 698435.88 | L65: =J65*E65/K65*C65 -> 0.87660729 | O65: 0.8949
A66: monoCarboxylic acids | B66: =VLOOKUP(A66, 'Compound Classes'!$A$6:$C$23, 3, FALSE) -> 45.153174 | C66: 43.668409 | D66: yes | E66: =IF(D66="yes",1,0) -> 1 | F66: 4-methylheptanoic | G66: Huang, Y., Wang, Y., Alexandre, M. R., Lee, T., Rose-Petruck, C., Fuller, M., & Pizzarello, S. (2005). Molecular and compound-specific isotopic characterization of monocarboxylic acids in carboneous meteorites. Geochim. Cosmochim. Acta, 69, 1073–1084. Retrieved from Am, pdf | H66: 98.1 | I66: 144.21 | J66: =H66*I66 -> 14147.001 | K66: =SUMIFS(J$2:J$116,A$2:A$116,A66,D$2:D$116,"=yes") -> 698435.88 | L66: =J66*E66/K66*C66 -> 0.88451503 | P66: No Stock
A67: monoCarboxylic acids | B67: =VLOOKUP(A67, 'Compound Classes'!$A$6:$C$23, 3, FALSE) -> 45.153174 | C67: 43.668409 | D67: yes | E67: =IF(D67="yes",1,0) -> 1 | F67: 3-methyloctanoic | G67: Huang, Y., Wang, Y., Alexandre, M. R., Lee, T., Rose-Petruck, C., Fuller, M., & Pizzarello, S. (2005). Molecular and compound-specific isotopic characterization of monocarboxylic acids in carboneous meteorites. Geochim. Cosmochim. Acta, 69, 1073–1084. Retrieved from Am, pdf | H67: 93.4 | I67: 158.24 | J67: =H67*I67 -> 14779.616 | K67: =SUMIFS(J$2:J$116,A$2:A$116,A67,D$2:D$116,"=yes") -> 698435.88 | L67: =J67*E67/K67*C67 -> 0.92406811 | P67: No Stock
A68: monoCarboxylic acids | B68: =VLOOKUP(A68, 'Compound Classes'!$A$6:$C$23, 3, FALSE) -> 45.153174 | C68: 43.668409 | D68: yes | E68: =IF(D68="yes",1,0) -> 1 | F68: Octanoic | G68: Huang, Y., Wang, Y., Alexandre, M. R., Lee, T., Rose-Petruck, C., Fuller, M., & Pizzarello, S. (2005). Molecular and compound-specific isotopic characterization of monocarboxylic acids in carboneous meteorites. Geochim. Cosmochim. Acta, 69, 1073–1084. Retrieved from Am, pdf | H68: 106.7 | I68: 144.21 | J68: =H68*I68 -> 15387.207 | K68: =SUMIFS(J$2:J$116,A$2:A$116,A68,D$2:D$116,"=yes") -> 698435.88 | L68: =J68*E68/K68*C68 -> 0.96205662 | N68: 0.91 | O68: 0.9675
A69: monoCarboxylic acids | B69: =VLOOKUP(A69, 'Compound Classes'!$A$6:$C$23, 3, FALSE) -> 45.153174 | C69: 43.668409 | D69: yes | E69: =IF(D69="yes",1,0) -> 1 | F69: 2,3-dimethylheptanoic | G69: Huang, Y., Wang, Y., Alexandre, M. R., Lee, T., Rose-Petruck, C., Fuller, M., & Pizzarello, S. (2005). Molecular and compound-specific isotopic characterization of monocarboxylic acids in carboneous meteorites. Geochim. Cosmochim. Acta, 69, 1073–1084. Retrieved from Am, pdf | H69: 97.5 | I69: 158.24 | J69: =H69*I69 -> 15428.4 | K69: =SUMIFS(J$2:J$116,A$2:A$116,A69,D$2:D$116,"=yes") -> 698435.88 | L69: =J69*E69/K69*C69 -> 0.96463213 | P69: No Stock
A70: monoCarboxylic acids | B70: =VLOOKUP(A70, 'Compound Classes'!$A$6:$C$23, 3, FALSE) -> 45.153174 | C70: 43.668409 | D70: yes | E70: =IF(D70="yes",1,0) -> 1 | F70: 3,4-dimethylhexanoic | G70: Huang, Y., Wang, Y., Alexandre, M. R., Lee, T., Rose-Petruck, C., Fuller, M., & Pizzarello, S. (2005). Molecular and compound-specific isotopic characterization of monocarboxylic acids in carboneous meteorites. Geochim. Cosmochim. Acta, 69, 1073–1084. Retrieved from Am, pdf | H70: 109.8 | I70: 144.21 | J70: =H70*I70 -> 15834.258 | K70: =SUMIFS(J$2:J$116,A$2:A$116,A70,D$2:D$116,"=yes") -> 698435.88 | L70: =J70*E70/K70*C70 -> 0.99000765 | P70: No Stock
A71: monoCarboxylic acids | B71: =VLOOKUP(A71, 'Compound Classes'!$A$6:$C$23, 3, FALSE) -> 45.153174 | C71: 43.668409 | D71: yes | E71: =IF(D71="yes",1,0) -> 1 | F71: 4-methyloctanoic (4-Methyl-n-octanoic acid) | G71: Huang, Y., Wang, Y., Alexandre, M. R., Lee, T., Rose-Petruck, C., Fuller, M., & Pizzarello, S. (2005). Molecular and compound-specific isotopic characterization of monocarboxylic acids in carboneous meteorites. Geochim. Cosmochim. Acta, 69, 1073–1084. Retrieved from Am, pdf | H71: 100.3 | I71: 158.24 | J71: =H71*I71 -> 15871.472 | K71: =SUMIFS(J$2:J$116,A$2:A$116,A71,D$2:D$116,"=yes") -> 698435.88 | L71: =J71*E71/K71*C71 -> 0.99233439 | N71: 0.91 | O71: 0.994
A72: monoCarboxylic acids | B72: =VLOOKUP(A72, 'Compound Classes'!$A$6:$C$23, 3, FALSE) -> 45.153174 | C72: 43.668409 | D72: yes | E72: =IF(D72="yes",1,0) -> 1 | F72: Benzoic | G72: Huang, Y., Wang, Y., Alexandre, M. R., Lee, T., Rose-Petruck, C., Fuller, M., & Pizzarello, S. (2005). Molecular and compound-specific isotopic characterization of monocarboxylic acids in carboneous meteorites. Geochim. Cosmochim. Acta, 69, 1073–1084. Retrieved from Am, pdf | H72: 137.1 | I72: 122.12 | J72: =H72*I72 -> 16742.652 | K72: =SUMIFS(J$2:J$116,A$2:A$116,A72,D$2:D$116,"=yes") -> 698435.88 | L72: =J72*E72/K72*C72 -> 1.0468033 | O72: 1.0661
A73: monoCarboxylic acids | B73: =VLOOKUP(A73, 'Compound Classes'!$A$6:$C$23, 3, FALSE) -> 45.153174 | C73: 43.668409 | D73: yes | E73: =IF(D73="yes",1,0) -> 1 | F73: Propanoic (Propionic) | G73: Huang, Y., Wang, Y., Alexandre, M. R., Lee, T., Rose-Petruck, C., Fuller, M., & Pizzarello, S. (2005). Molecular and compound-specific isotopic characterization of monocarboxylic acids in carboneous meteorites. Geochim. Cosmochim. Acta, 69, 1073–1084. Retrieved from Am, pdf | H73: 226.6 | I73: 74.08 | J73: =H73*I73 -> 16786.528 | K73: =SUMIFS(J$2:J$116,A$2:A$116,A73,D$2:D$116,"=yes") -> 698435.88 | L73: =J73*E73/K73*C73 -> 1.0495466 | N73: 0.993 | O73: 1.0468
A74: monoCarboxylic acids | B74: =VLOOKUP(A74, 'Compound Classes'!$A$6:$C$23, 3, FALSE) -> 45.153174 | C74: 43.668409 | D74: yes | E74: =IF(D74="yes",1,0) -> 1 | F74: 4-methylhexanoic | G74: Huang, Y., Wang, Y., Alexandre, M. R., Lee, T., Rose-Petruck, C., Fuller, M., & Pizzarello, S. (2005). Molecular and compound-specific isotopic characterization of monocarboxylic acids in carboneous meteorites. Geochim. Cosmochim. Acta, 69, 1073–1084. Retrieved from Am, pdf | H74: 132.4 | I74: 130.18 | J74: =H74*I74 -> 17235.832 | K74: =SUMIFS(J$2:J$116,A$2:A$116,A74,D$2:D$116,"=yes") -> 698435.88 | L74: =J74*E74/K74*C74 -> 1.0776385 | P74: No Stock
A75: monoCarboxylic acids | B75: =VLOOKUP(A75, 'Compound Classes'!$A$6:$C$23, 3, FALSE) -> 45.153174 | C75: 43.668409 | D75: yes | E75: =IF(D75="yes",1,0) -> 1 | F75: 2-methyloctanoic | G75: Huang, Y., Wang, Y., Alexandre, M. R., Lee, T., Rose-Petruck, C., Fuller, M., & Pizzarello, S. (2005). Molecular and compound-specific isotopic characterization of monocarboxylic acids in carboneous meteorites. Geochim. Cosmochim. Acta, 69, 1073–1084. Retrieved from Am, pdf | H75: 111 | I75: 158.24 | J75: =H75*I75 -> 17564.64 | K75: =SUMIFS(J$2:J$116,A$2:A$116,A75,D$2:D$116,"=yes") -> 698435.88 | L75: =J75*E75/K75*C75 -> 1.0981966 | P75: No Stock
A76: monoCarboxylic acids | B76: =VLOOKUP(A76, 'Compound Classes'!$A$6:$C$23, 3, FALSE) -> 45.153174 | C76: 43.668409 | D76: yes | E76: =IF(D76="yes",1,0) -> 1 | F76: 2-ethylhexanoic | G76: Huang, Y., Wang, Y., Alexandre, M. R., Lee, T., Rose-Petruck, C., Fuller, M., & Pizzarello, S. (2005). Molecular and compound-specific isotopic characterization of monocarboxylic acids in carboneous meteorites. Geochim. Cosmochim. Acta, 69, 1073–1084. Retrieved from Am, pdf | H76: 127.4 | I76: 144.21 | J76: =H76*I76 -> 18372.354 | K76: =SUMIFS(J$2:J$116,A$2:A$116,A76,D$2:D$116,"=yes") -> 698435.88 | L76: =J76*E76/K76*C76 -> 1.1486974 | N76: 0.91 | O76: 1.1493
A77: monoCarboxylic acids | B77: =VLOOKUP(A77, 'Compound Classes'!$A$6:$C$23, 3, FALSE) -> 45.153174 | C77: 43.668409 | D77: yes | E77: =IF(D77="yes",1,0) -> 1 | F77: Pentanoic (Valeric acid) | G77: Huang, Y., Wang, Y., Alexandre, M. R., Lee, T., Rose-Petruck, C., Fuller, M., & Pizzarello, S. (2005). Molecular and compound-specific isotopic characterization of monocarboxylic acids in carboneous meteorites. Geochim. Cosmochim. Acta, 69, 1073–1084. Retrieved from Am, pdf | H77: 185.9 | I77: 102.13 | J77: =H77*I77 -> 18985.967 | K77: =SUMIFS(J$2:J$116,A$2:A$116,A77,D$2:D$116,"=yes") -> 698435.88 | L77: =J77*E77/K77*C77 -> 1.1870624 | N77: 0.939 | O77: 1.1839
A78: monoCarboxylic acids | B78: =VLOOKUP(A78, 'Compound Classes'!$A$6:$C$23, 3, FALSE) -> 45.153174 | C78: 43.668409 | D78: yes | E78: =IF(D78="yes",1,0) -> 1 | F78: 3-methylhexanoic | G78: Huang, Y., Wang, Y., Alexandre, M. R., Lee, T., Rose-Petruck, C., Fuller, M., & Pizzarello, S. (2005). Molecular and compound-specific isotopic characterization of monocarboxylic acids in carboneous meteorites. Geochim. Cosmochim. Acta, 69, 1073–1084. Retrieved from Am, pdf | H78: 148.4 | I78: 130.18 | J78: =H78*I78 -> 19318.712 | K78: =SUMIFS(J$2:J$116,A$2:A$116,A78,D$2:D$116,"=yes") -> 698435.88 | L78: =J78*E78/K78*C78 -> 1.2078667 | P78: No Stock
A79: monoCarboxylic acids | B79: =VLOOKUP(A79, 'Compound Classes'!$A$6:$C$23, 3, FALSE) -> 45.153174 | C79: 43.668409 | D79: yes | E79: =IF(D79="yes",1,0) -> 1 | F79: 3-methylheptanoic | G79: Huang, Y., Wang, Y., Alexandre, M. R., Lee, T., Rose-Petruck, C., Fuller, M., & Pizzarello, S. (2005). Molecular and compound-specific isotopic characterization of monocarboxylic acids in carboneous meteorites. Geochim. Cosmochim. Acta, 69, 1073–1084. Retrieved from Am, pdf | H79: 136.6 | I79: 144.21 | J79: =H79*I79 -> 19699.086 | K79: =SUMIFS(J$2:J$116,A$2:A$116,A79,D$2:D$116,"=yes") -> 698435.88 | L79: =J79*E79/K79*C79 -> 1.2316489 | P79: No Stock
A80: monoCarboxylic acids | B80: =VLOOKUP(A80, 'Compound Classes'!$A$6:$C$23, 3, FALSE) -> 45.153174 | C80: 43.668409 | D80: yes | E80: =IF(D80="yes",1,0) -> 1 | F80: 2-methylheptanoic | G80: Huang, Y., Wang, Y., Alexandre, M. R., Lee, T., Rose-Petruck, C., Fuller, M., & Pizzarello, S. (2005). Molecular and compound-specific isotopic characterization of monocarboxylic acids in carboneous meteorites. Geochim. Cosmochim. Acta, 69, 1073–1084. Retrieved from Am, pdf | H80: 140.6 | I80: 144.21 | J80: =H80*I80 -> 20275.926 | K80: =SUMIFS(J$2:J$116,A$2:A$116,A80,D$2:D$116,"=yes") -> 698435.88 | L80: =J80*E80/K80*C80 -> 1.2677147 | N80: 0.91 | O80: 1.2671
A81: monoCarboxylic acids | B81: =VLOOKUP(A81, 'Compound Classes'!$A$6:$C$23, 3, FALSE) -> 45.153174 | C81: 43.668409 | D81: yes | E81: =IF(D81="yes",1,0) -> 1 | F81: Heptanoic | G81: Huang, Y., Wang, Y., Alexandre, M. R., Lee, T., Rose-Petruck, C., Fuller, M., & Pizzarello, S. (2005). Molecular and compound-specific isotopic characterization of monocarboxylic acids in carboneous meteorites. Geochim. Cosmochim. Acta, 69, 1073–1084. Retrieved from Am, pdf | H81: 168.8 | I81: 130.18 | J81: =H81*I81 -> 21974.384 | K81: =SUMIFS(J$2:J$116,A$2:A$116,A81,D$2:D$116,"=yes") -> 698435.88 | L81: =J81*E81/K81*C81 -> 1.3739077 | N81: 0.92 | O81: 1.375
A82: monoCarboxylic acids | B82: =VLOOKUP(A82, 'Compound Classes'!$A$6:$C$23, 3, FALSE) -> 45.153174 | C82: 43.668409 | D82: yes | E82: =IF(D82="yes",1,0) -> 1 | F82: 2 and 3-methylbutanoic (isovaleric acid) | G82: Huang, Y., Wang, Y., Alexandre, M. R., Lee, T., Rose-Petruck, C., Fuller, M., & Pizzarello, S. (2005). Molecular and compound-specific isotopic characterization of monocarboxylic acids in carboneous meteorites. Geochim. Cosmochim. Acta, 69, 1073–1084. Retrieved from Am, pdf | H82: 229.1 | I82: 102.13 | J82: =H82*I82 -> 23397.983 | K82: =SUMIFS(J$2:J$116,A$2:A$116,A82,D$2:D$116,"=yes") -> 698435.88 | L82: =J82*E82/K82*C82 -> 1.4629155 | N82: 0.925 | O82: 1.4664
A83: monoCarboxylic acids | B83: =VLOOKUP(A83, 'Compound Classes'!$A$6:$C$23, 3, FALSE) -> 45.153174 | C83: 43.668409 | D83: yes | E83: =IF(D83="yes",1,0) -> 1 | F83: Hexanoic | G83: Huang, Y., Wang, Y., Alexandre, M. R., Lee, T., Rose-Petruck, C., Fuller, M., & Pizzarello, S. (2005). Molecular and compound-specific isotopic characterization of monocarboxylic acids in carboneous meteorites. Geochim. Cosmochim. Acta, 69, 1073–1084. Retrieved from Am, pdf | H83: 217.7 | I83: 116.16 | J83: =H83*I83 -> 25288.032 | K83: =SUMIFS(J$2:J$116,A$2:A$116,A83,D$2:D$116,"=yes") -> 698435.88 | L83: =J83*E83/K83*C83 -> 1.5810874 | N83: 0.93 | O83: 1.5815
A84: monoCarboxylic acids | B84: =VLOOKUP(A84, 'Compound Classes'!$A$6:$C$23, 3, FALSE) -> 45.153174 | C84: 43.668409 | D84: yes | E84: =IF(D84="yes",1,0) -> 1 | F84: 2,3-dimethylhexanoic | G84: Huang, Y., Wang, Y., Alexandre, M. R., Lee, T., Rose-Petruck, C., Fuller, M., & Pizzarello, S. (2005). Molecular and compound-specific isotopic characterization of monocarboxylic acids in carboneous meteorites. Geochim. Cosmochim. Acta, 69, 1073–1084. Retrieved from Am, pdf | H84: 193.1 | I84: 144.21 | J84: =H84*I84 -> 27846.951 | K84: =SUMIFS(J$2:J$116,A$2:A$116,A84,D$2:D$116,"=yes") -> 698435.88 | L84: =J84*E84/K84*C84 -> 1.741079 | P84: No Stock
A85: monoCarboxylic acids | B85: =VLOOKUP(A85, 'Compound Classes'!$A$6:$C$23, 3, FALSE) -> 45.153174 | C85: 43.668409 | D85: yes | E85: =IF(D85="yes",1,0) -> 1 | F85: Nonanoic | G85: Huang, Y., Wang, Y., Alexandre, M. R., Lee, T., Rose-Petruck, C., Fuller, M., & Pizzarello, S. (2005). Molecular and compound-specific isotopic characterization of monocarboxylic acids in carboneous meteorites. Geochim. Cosmochim. Acta, 69, 1073–1084. Retrieved from Am, pdf | H85: 181.9 | I85: 158.24 | J85: =H85*I85 -> 28783.856 | K85: =SUMIFS(J$2:J$116,A$2:A$116,A85,D$2:D$116,"=yes") -> 698435.88 | L85: =J85*E85/K85*C85 -> 1.7996573 | N85: 0.906 | O85: 1.8077
A86: monoCarboxylic acids | B86: =VLOOKUP(A86, 'Compound Classes'!$A$6:$C$23, 3, FALSE) -> 45.153174 | C86: 43.668409 | D86: yes | E86: =IF(D86="yes",1,0) -> 1 | F86: Acetic | G86: Huang, Y., Wang, Y., Alexandre, M. R., Lee, T., Rose-Petruck, C., Fuller, M., & Pizzarello, S. (2005). Molecular and compound-specific isotopic characterization of monocarboxylic acids in carboneous meteorites. Geochim. Cosmochim. Acta, 69, 1073–1084. Retrieved from Am, pdf | H86: 770.1 | I86: 60.05 | J86: =H86*I86 -> 46244.505 | K86: =SUMIFS(J$2:J$116,A$2:A$116,A86,D$2:D$116,"=yes") -> 698435.88 | L86: =J86*E86/K86*C86 -> 2.891352 | N86: 1.05 | O86: 2.8995
A87: n-heterocycles* | B87: =VLOOKUP(A87, 'Compound Classes'!$A$6:$C$23, 3, FALSE) -> 0.037400972 | C87: 0.04 | D87: yes | E87: =IF(D87="yes",1,0) -> 1 | F87: pyroglutamic acid | G87: Cooper, G. W., & Cronin, J. R. (1995). Linear and cyclic aliphatic carboxamides of the Murchison meteorite: Hydrolyzable derivatives of amino acids and other carboxylic acids. Geochimica et Cosmochimica Acta, 59(5), 1003–1015. https://doi.org/https://doi.org/10.1016/0016-7037(95)00018-6 | H87: 1 | I87: 129.11 | J87: =H87*I87 -> 129.11 | K87: =SUMIFS(J$2:J$116,A$2:A$116,A87,D$2:D$116,"=yes") -> 540.47 | L87: =J87*E87/K87*C87 -> 0.009555387 | M87: no specified nmol/g | O87: 0.0095
A88: n-heterocycles* | B88: =VLOOKUP(A88, 'Compound Classes'!$A$6:$C$23, 3, FALSE) -> 0.037400972 | C88: 0.04 | D88: yes | E88: =IF(D88="yes",1,0) -> 1 | F88: 2-pyrrolidone | G88: Cooper, G. W., & Cronin, J. R. (1995). Linear and cyclic aliphatic carboxamides of the Murchison meteorite: Hydrolyzable derivatives of amino acids and other carboxylic acids. Geochimica et Cosmochimica Acta, 59(5), 1003–1015. https://doi.org/https://doi.org/10.1016/0016-7037(95)00018-7 | H88: 1 | I88: 85.1 | J88: =H88*I88 -> 85.1 | K88: =SUMIFS(J$2:J$116,A$2:A$116,A88,D$2:D$116,"=yes") -> 540.47 | L88: =J88*E88/K88*C88 -> 0.0062982219 | M88: no specified nmol/g | N88: 1.116 | O88: 0.007
A89: n-heterocycles* | B89: =VLOOKUP(A89, 'Compound Classes'!$A$6:$C$23, 3, FALSE) -> 0.037400972 | C89: 0.04 | D89: yes | E89: =IF(D89="yes",1,0) -> 1 | F89: parabanic acid | G89: Cooper, G. W., & Cronin, J. R. (1995). Linear and cyclic aliphatic carboxamides of the Murchison meteorite: Hydrolyzable derivatives of amino acids and other carboxylic acids. Geochimica et Cosmochimica Acta, 59(5), 1003–1015. https://doi.org/https://doi.org/10.1016/0016-7037(95)00018-9 | H89: 1 | I89: 114.06 | J89: =H89*I89 -> 114.06 | K89: =SUMIFS(J$2:J$116,A$2:A$116,A89,D$2:D$116,"=yes") -> 540.47 | L89: =J89*E89/K89*C89 -> 0.0084415416 | M89: no specified nmol/g | O89: 0.0085
A90: n-heterocycles* | B90: =VLOOKUP(A90, 'Compound Classes'!$A$6:$C$23, 3, FALSE) -> 0.037400972 | C90: 0.04 | D90: yes | E90: =IF(D90="yes",1,0) -> 1 | F90: succinimide | G90: Cooper, G. W., & Cronin, J. R. (1995). Linear and cyclic aliphatic carboxamides of the Murchison meteorite: Hydrolyzable derivatives of amino acids and other carboxylic acids. Geochimica et Cosmochimica Acta, 59(5), 1003–1015. https://doi.org/https://doi.org/10.1016/0016-7037(95)00018-10 | H90: 1 | I90: 99.09 | J90: =H90*I90 -> 99.09 | K90: =SUMIFS(J$2:J$116,A$2:A$116,A90,D$2:D$116,"=yes") -> 540.47 | L90: =J90*E90/K90*C90 -> 0.007333617 | M90: no specified nmol/g | O90: 0.0077
A91: n-heterocycles* | B91: =VLOOKUP(A91, 'Compound Classes'!$A$6:$C$23, 3, FALSE) -> 0.037400972 | C91: 0.04 | D91: yes | E91: =IF(D91="yes",1,0) -> 1 | F91: glutarimide | G91: Cooper, G. W., & Cronin, J. R. (1995). Linear and cyclic aliphatic carboxamides of the Murchison meteorite: Hydrolyzable derivatives of amino acids and other carboxylic acids. Geochimica et Cosmochimica Acta, 59(5), 1003–1015. https://doi.org/https://doi.org/10.1016/0016-7037(95)00018-11 | H91: 1 | I91: 113.11 | J91: =H91*I91 -> 113.11 | K91: =SUMIFS(J$2:J$116,A$2:A$116,A91,D$2:D$116,"=yes") -> 540.47 | L91: =J91*E91/K91*C91 -> 0.0083712324 | M91: no specified nmol/g | O91: 0.0083
A92: Phosphonic acids | B92: =VLOOKUP(A92, 'Compound Classes'!$A$6:$C$23, 3, FALSE) -> 0.2040053 | C92: 0.2 | D92: yes | E92: =IF(D92="yes",1,0) -> 1 | F92: methylphosphonic acid | G92: Cooper, G. W., Onwo, W. M., & Cronin, J. R. (1992). Alkyl phosphonic acids and sulfonic acids in the Murchison meteorite. Geochimica et Cosmochimica Acta, 56(11), 4109–4115. https://doi.org/10.1016/0016-7037(92)90023-C | H92: 9 | I92: 96.02 | J92: =H92*I92 -> 864.18 | K92: =SUMIFS(J$2:J$116,A$2:A$116,A92,D$2:D$116,"=yes") -> 1524.48 | L92: =J92*E92/K92*C92 -> 0.11337374 | O92: 0.1173
A93: Phosphonic acids | B93: =VLOOKUP(A93, 'Compound Classes'!$A$6:$C$23, 3, FALSE) -> 0.2040053 | C93: 0.2 | D93: yes | E93: =IF(D93="yes",1,0) -> 1 | F93: ethyl phosphonic acid | G93: Cooper, G. W., Onwo, W. M., & Cronin, J. R. (1992). Alkyl phosphonic acids and sulfonic acids in the Murchison meteorite. Geochimica et Cosmochimica Acta, 56(11), 4109–4115. https://doi.org/10.1016/0016-7037(92)90023-C | H93: 6 | I93: 110.05 | J93: =H93*I93 -> 660.3 | K93: =SUMIFS(J$2:J$116,A$2:A$116,A93,D$2:D$116,"=yes") -> 1524.48 | L93: =J93*E93/K93*C93 -> 0.086626259 | O93: 0.0853
A94: Polar hydrocarbons | B94: =VLOOKUP(A94, 'Compound Classes'!$A$6:$C$23, 3, FALSE) -> 5.1681344 | C94: 5 | D94: yes | E94: =IF(D94="yes",1,0) -> 1 | F94: Formaldehyde | G94: Pizzarello, S., & Holmes, W. (2009). Nitrogen-containing compounds in two CR2 meteorites: 15N composition, molecular distribution and precursor molecules. Geochimica et Cosmochimica Acta, 73(7), 2150–2162. https://doi.org/10.1016/j.gca.2009.01.022 | H94: 10 | I94: 30.026 | J94: =H94*I94 -> 300.26 | K94: =SUMIFS(J$2:J$116,A$2:A$116,A94,D$2:D$116,"=yes") -> 23473.494 | L94: =J94*E94/K94*C94 -> 0.063957245 | N94: 0.815 | O94: 0.0637
A95: Polar hydrocarbons | B95: =VLOOKUP(A95, 'Compound Classes'!$A$6:$C$23, 3, FALSE) -> 5.1681344 | C95: 5 | D95: yes | E95: =IF(D95="yes",1,0) -> 1 | F95: Acetaldehyde | G95: Pizzarello, S., & Holmes, W. (2009). Nitrogen-containing compounds in two CR2 meteorites: 15N composition, molecular distribution and precursor molecules. Geochimica et Cosmochimica Acta, 73(7), 2150–2162. https://doi.org/10.1016/j.gca.2009.01.023 | H95: 24 | I95: 44.05 | J95: =H95*I95 -> 1057.2 | K95: =SUMIFS(J$2:J$116,A$2:A$116,A95,D$2:D$116,"=yes") -> 23473.494 | L95: =J95*E95/K95*C95 -> 0.22519017 | N95: 0.784 | O95: 0.2236
A96: Polar hydrocarbons | B96: =VLOOKUP(A96, 'Compound Classes'!$A$6:$C$23, 3, FALSE) -> 5.1681344 | C96: 5 | D96: yes | E96: =IF(D96="yes",1,0) -> 1 | F96: Hexanal | G96: Pizzarello, S., & Holmes, W. (2009). Nitrogen-containing compounds in two CR2 meteorites: 15N composition, molecular distribution and precursor molecules. Geochimica et Cosmochimica Acta, 73(7), 2150–2162. https://doi.org/10.1016/j.gca.2009.01.029 | H96: 10.8 | I96: 100.16 | J96: =H96*I96 -> 1081.728 | K96: =SUMIFS(J$2:J$116,A$2:A$116,A96,D$2:D$116,"=yes") -> 23473.494 | L96: =J96*E96/K96*C96 -> 0.23041478 | N96: 0.815 | O96: 0.2375
A97: Polar hydrocarbons | B97: =VLOOKUP(A97, 'Compound Classes'!$A$6:$C$23, 3, FALSE) -> 5.1681344 | C97: 5 | D97: yes | E97: =IF(D97="yes",1,0) -> 1 | F97: Propionaldehyde | G97: Pizzarello, S., & Holmes, W. (2009). Nitrogen-containing compounds in two CR2 meteorites: 15N composition, molecular distribution and precursor molecules. Geochimica et Cosmochimica Acta, 73(7), 2150–2162. https://doi.org/10.1016/j.gca.2009.01.024 | H97: 23.5 | I97: 58.08 | J97: =H97*I97 -> 1364.88 | K97: =SUMIFS(J$2:J$116,A$2:A$116,A97,D$2:D$116,"=yes") -> 23473.494 | L97: =J97*E97/K97*C97 -> 0.29072792 | N97: 0.81 | O97: 0.2923
A98: Polar hydrocarbons | B98: =VLOOKUP(A98, 'Compound Classes'!$A$6:$C$23, 3, FALSE) -> 5.1681344 | C98: 5 | D98: yes | E98: =IF(D98="yes",1,0) -> 1 | F98: Butyraldehyde | G98: Pizzarello, S., & Holmes, W. (2009). Nitrogen-containing compounds in two CR2 meteorites: 15N composition, molecular distribution and precursor molecules. Geochimica et Cosmochimica Acta, 73(7), 2150–2162. https://doi.org/10.1016/j.gca.2009.01.025 | H98: 32.2 | I98: 72.11 | J98: =H98*I98 -> 2321.942 | K98: =SUMIFS(J$2:J$116,A$2:A$116,A98,D$2:D$116,"=yes") -> 23473.494 | L98: =J98*E98/K98*C98 -> 0.49458807 | N98: 0.8016 | O98: 0.4968
A99: Polar hydrocarbons | B99: =VLOOKUP(A99, 'Compound Classes'!$A$6:$C$23, 3, FALSE) -> 5.1681344 | C99: 5 | D99: yes | E99: =IF(D99="yes",1,0) -> 1 | F99: 2-Hexanone | G99: Pizzarello, S., & Holmes, W. (2009). Nitrogen-containing compounds in two CR2 meteorites: 15N composition, molecular distribution and precursor molecules. Geochimica et Cosmochimica Acta, 73(7), 2150–2162. https://doi.org/10.1016/j.gca.2009.01.036 | H99: 25 | I99: 100.16 | J99: =H99*I99 -> 2504 | K99: =SUMIFS(J$2:J$116,A$2:A$116,A99,D$2:D$116,"=yes") -> 23473.494 | L99: =J99*E99/K99*C99 -> 0.53336755 | N99: 0.81 | O99: 0.5347
A100: Polar hydrocarbons | B100: =VLOOKUP(A100, 'Compound Classes'!$A$6:$C$23, 3, FALSE) -> 5.1681344 | C100: 5 | D100: yes | E100: =IF(D100="yes",1,0) -> 1 | F100: Acetone | G100: Pizzarello, S., & Holmes, W. (2009). Nitrogen-containing compounds in two CR2 meteorites: 15N composition, molecular distribution and precursor molecules. Geochimica et Cosmochimica Acta, 73(7), 2150–2162. https://doi.org/10.1016/j.gca.2009.01.031 | H100: 47.3 | I100: 58.08 | J100: =H100*I100 -> 2747.184 | K100: =SUMIFS(J$2:J$116,A$2:A$116,A100,D$2:D$116,"=yes") -> 23473.494 | L100: =J100*E100/K100*C100 -> 0.58516725 | O100: 0.5835
...
